iter	Passed	Remaining
0	663	662738
1	1071	534616
2	1414	470202
3	1751	436187
4	2168	431491
5	2518	417188
6	2859	405690
7	3176	393876
8	3626	399336
9	4006	396612
10	4392	394956
11	4818	396728
12	5367	407480
13	5813	409462
14	6147	403687
15	6642	408537
16	7038	407016
17	7378	402534
18	7761	400716
19	8184	401029
20	8546	398414
21	8910	396133
22	9301	395097
23	9664	393028
24	9993	389739
25	10314	386385
26	10635	383276
27	10969	380782
28	11352	380110
29	11726	379146
30	12048	376621
31	12405	375265
32	12731	373069
33	13071	371396
34	13408	369685
35	13746	368113
36	14082	366530
37	14426	365218
38	14885	366798
39	15267	366414
40	15621	365386
41	15950	363821
42	16260	361881
43	16581	360268
44	16896	358586
45	17205	356827
46	17508	355004
47	17825	353530
48	18132	351927
49	18440	350362
50	18732	348566
51	19050	347306
52	19441	347374
53	19799	346862
54	20106	345462
55	20450	344738
56	20816	344378
57	21138	343320
58	21480	342591
59	21805	341621
60	22167	341239
61	22605	341994
62	22983	341839
63	23442	342843
64	23931	344250
65	24336	344395
66	24716	344182
67	25109	344145
68	25450	343399
69	25820	343040
70	26178	342531
71	26533	341990
72	26976	342559
73	27347	342219
74	27692	341535
75	28047	340996
76	28402	340465
77	28752	339864
78	29115	339433
79	29456	338746
80	29805	338168
81	30177	337843
82	30571	337759
83	30916	337137
84	31292	336853
85	31840	338393
86	32229	338229
87	32631	338183
88	33081	338624
89	33502	338746
90	33865	338283
91	34238	337921
92	34754	338946
93	35117	338471
94	35450	337712
95	35773	336866
96	36115	336207
97	36564	336541
98	36943	336219
99	37288	335599
100	37618	334844
101	37957	334171
102	38291	333471
103	38654	333026
104	39021	332613
105	39418	332451
106	39806	332219
107	40143	331558
108	40471	330829
109	40797	330086
110	41095	329137
111	41412	328340
112	41727	327546
113	42069	326958
114	42402	326317
115	42797	326145
116	43141	325588
117	43505	325184
118	43879	324855
119	44246	324471
120	44659	324430
121	45024	324029
122	45452	324082
123	45836	323813
124	46218	323526
125	46668	323719
126	47033	323311
127	47418	323036
128	47805	322782
129	48161	322313
130	48525	321895
131	48851	321235
132	49199	320722
133	49548	320219
134	49920	319858
135	50266	319337
136	50791	319947
137	51195	319785
138	51555	319345
139	51902	318828
140	52234	318225
141	52585	317734
142	52954	317356
143	53295	316814
144	53611	316121
145	53956	315606
146	54413	315748
147	54850	315760
148	55230	315443
149	55605	315096
150	55979	314744
151	56337	314302
152	56663	313688
153	56982	313034
154	57374	312785
155	57761	312503
156	58106	311998
157	58463	311556
158	58834	311192
159	59189	310746
160	59658	310893
161	60020	310474
162	60391	310106
163	60751	309684
164	61144	309429
165	61570	309337
166	61939	308954
167	62260	308339
168	62578	307709
169	62916	307182
170	63271	306735
171	63589	306117
172	63961	305760
173	64329	305380
174	64691	304974
175	65111	304839
176	65462	304382
177	65782	303780
178	66129	303310
179	66457	302752
180	66789	302211
181	67137	301751
182	67516	301424
183	67808	300715
184	68107	300041
185	68403	299356
186	68691	298642
187	69002	298032
188	69322	297464
189	69654	296948
190	69970	296366
191	70289	295802
192	70597	295191
193	70894	294539
194	71201	293935
195	71510	293338
196	71819	292744
197	72143	292217
198	72442	291588
199	72743	290975
200	73039	290342
201	73332	289699
202	73619	289039
203	73905	288376
204	74210	287792
205	74528	287259
206	74818	286623
207	75139	286108
208	75500	285747
209	75838	285295
210	76188	284894
211	76546	284523
212	76880	284062
213	77213	283597
214	77524	283054
215	77817	282447
216	78132	281924
217	78439	281375
218	78755	280857
219	79059	280303
220	79387	279832
221	79744	279463
222	80082	279032
223	80428	278627
224	80769	278206
225	81091	277720
226	81437	277317
227	81752	276809
228	82060	276282
229	82401	275866
230	82723	275386
231	83085	275041
232	83405	274558
233	83700	273995
234	84010	273479
235	84305	272922
236	84636	272480
237	84932	271927
238	85255	271462
239	85552	270916
240	85847	270365
241	86196	269986
242	86531	269563
243	86868	269148
244	87319	269087
245	87723	268877
246	88101	268584
247	88420	268113
248	88744	267660
249	89154	267462
250	89648	267517
251	90049	267290
252	90495	267193
253	90931	267066
254	91306	266758
255	91679	266442
256	92075	266194
257	92687	266565
258	93208	266671
259	93740	266799
260	94162	266612
261	94594	266452
262	95052	266363
263	95513	266281
264	96012	266300
265	96515	266325
266	97161	266740
267	97588	266548
268	98015	266354
269	98410	266073
270	98788	265745
271	99196	265496
272	99632	265321
273	100020	265018
274	100408	264712
275	100769	264338
276	101149	264009
277	101514	263645
278	101863	263239
279	102201	262804
280	102569	262447
281	102949	262119
282	103337	261813
283	103771	261620
284	104126	261230
285	104488	260855
286	104843	260464
287	105228	260147
288	105567	259718
289	105938	259367
290	106293	258975
291	106619	258516
292	106958	258087
293	107291	257645
294	107639	257240
295	107991	256843
296	108363	256497
297	108781	256256
298	109250	256134
299	109709	255987
300	110104	255691
301	110509	255416
302	110872	255044
303	111272	254754
304	111611	254328
305	111949	253899
306	112296	253489
307	112639	253074
308	112978	252646
309	113318	252225
310	113646	251777
311	113979	251340
312	114345	250976
313	114752	250701
314	115106	250311
315	115446	249890
316	115783	249463
317	116136	249072
318	116449	248596
319	116768	248132
320	117091	247678
321	117502	247411
322	117859	247030
323	118290	246804
324	118614	246353
325	118954	245936
326	119307	245546
327	119695	245229
328	120023	244789
329	120391	244430
330	120821	244198
331	121173	243806
332	121515	243395
333	121841	242953
334	122202	242581
335	122581	242244
336	122949	241885
337	123330	241552
338	123684	241167
339	124036	240775
340	124392	240395
341	124777	240069
342	125140	239701
343	125511	239347
344	125927	239079
345	126325	238777
346	126694	238419
347	127051	238038
348	127471	237775
349	127812	237366
350	128166	236979
351	128481	236523
352	128817	236105
353	129158	235695
354	129505	235299
355	129844	234888
356	130159	234433
357	130477	233985
358	130814	233570
359	131157	233168
360	131495	232758
361	131806	232300
362	132126	231859
363	132446	231416
364	132786	231012
365	133130	230614
366	133466	230202
367	133816	229815
368	134155	229410
369	134542	229086
370	134900	228713
371	135232	228296
372	135560	227871
373	135885	227444
374	136215	227026
375	136556	226625
376	136905	226239
377	137225	225804
378	137543	225367
379	137869	224944
380	138181	224499
381	138502	224069
382	138835	223658
383	139161	223238
384	139526	222879
385	139851	222457
386	140180	222042
387	140511	221631
388	140872	221267
389	141208	220864
390	141541	220456
391	141997	220240
392	142383	219915
393	142762	219578
394	143123	219215
395	143508	218887
396	143868	218521
397	144212	218129
398	144599	217804
399	144972	217459
400	145324	217081
401	145670	216693
402	146026	216321
403	146385	215955
404	146720	215552
405	147067	215167
406	147416	214786
407	147829	214497
408	148204	214153
409	148554	213773
410	148918	213413
411	149294	213070
412	149728	212810
413	150106	212469
414	150505	212158
415	150908	211852
416	151308	211541
417	151694	211211
418	152071	210867
419	152426	210493
420	152791	210133
421	153165	209785
422	153529	209424
423	153891	209060
424	154354	208832
425	154754	208518
426	155104	208137
427	155461	207766
428	155820	207397
429	156182	207033
430	156554	206680
431	156913	206311
432	157263	205931
433	157597	205529
434	157984	205198
435	158390	204890
436	158781	204563
437	159122	204170
438	159477	203797
439	159862	203461
440	160237	203112
441	160607	202757
442	160960	202381
443	161345	202044
444	161861	201872
445	162273	201567
446	162651	201221
447	163015	200858
448	163386	200503
449	163762	200153
450	164169	199842
451	164653	199624
452	165038	199284
453	165390	198905
454	165850	198655
455	166483	198612
456	167104	198551
457	167565	198297
458	167944	197947
459	168318	197590
460	168675	197215
461	169024	196829
462	169391	196464
463	169804	196152
464	170223	195848
465	170581	195472
466	170925	195081
467	171262	194683
468	171596	194280
469	171965	193918
470	172307	193525
471	172672	193158
472	173015	192768
473	173403	192426
474	173763	192054
475	174125	191684
476	174506	191335
477	174894	190993
478	175308	190679
479	175820	190471
480	176258	190183
481	176725	189924
482	177043	189506
483	177367	189093
484	177703	188695
485	178068	188327
486	178498	188027
487	178889	187687
488	179259	187324
489	179626	186958
490	179988	186586
491	180353	186218
492	180736	185868
493	181043	185440
494	181412	185077
495	181751	184682
496	182057	184255
497	182436	183901
498	182721	183453
499	183000	183000
500	183295	182563
501	183613	182150
502	183955	181760
503	184268	181344
504	184608	180952
505	184954	180568
506	185276	180160
507	185582	179737
508	185955	179379
509	186309	179003
510	186633	178598
511	186997	178232
512	187289	177797
513	187603	177383
514	187908	176961
515	188227	176554
516	188508	176111
517	188825	175702
518	189131	175284
519	189487	174911
520	189837	174533
521	190123	174097
522	190410	173662
523	190704	173235
524	191000	172810
525	191289	172378
526	191566	171937
527	191854	171506
528	192144	171077
529	192457	170670
530	192763	170256
531	193118	169885
532	193409	169460
533	193754	169081
534	194069	168677
535	194383	168272
536	194705	167874
537	195054	167500
538	195408	167130
539	195736	166738
540	196053	166337
541	196375	165940
542	196722	165565
543	197043	165168
544	197367	164774
545	197678	164369
546	198008	163981
547	198307	163567
548	198602	163150
549	198883	162722
550	199174	162303
551	199475	161893
552	199800	161502
553	200093	161085
554	200389	160672
555	200738	160302
556	201087	159931
557	201483	159597
558	201805	159206
559	202128	158814
560	202503	158465
561	202904	158135
562	203265	157774
563	203633	157419
564	203990	157054
565	204324	156673
566	204688	156314
567	205030	155938
568	205360	155554
569	205741	155208
570	206064	154818
571	206399	154438
572	206771	154086
573	207140	153731
574	207466	153344
575	207879	153022
576	208207	152637
577	208589	152291
578	208926	151914
579	209320	151576
580	209709	151236
581	210038	150852
582	210372	150472
583	210705	150091
584	211077	149738
585	211456	149391
586	211868	149065
587	212218	148697
588	212573	148332
589	212924	147964
590	213238	147571
591	213567	147188
592	213910	146815
593	214222	146421
594	214583	146061
595	214967	145716
596	215296	145333
597	215644	144964
598	215960	144574
599	216319	144212
600	216691	143859
601	217029	143484
602	217355	143101
603	217705	142733
604	218041	142357
605	218404	141998
606	218747	141627
607	219060	141236
608	219430	140882
609	219814	140537
610	220164	140170
611	220562	139833
612	220930	139477
613	221294	139119
614	221613	138733
615	221923	138342
616	222244	137956
617	222551	137564
618	222884	137187
619	223243	136826
620	223574	136448
621	223898	136066
622	224248	135701
623	224580	135324
624	224954	134972
625	225535	134744
626	225948	134416
627	226409	134115
628	226750	133743
629	227106	133379
630	227520	133050
631	227923	132714
632	228369	132403
633	228819	132094
634	229354	131833
635	229769	131503
636	230137	131145
637	230501	130786
638	230888	130439
639	231247	130076
640	231581	129699
641	231938	129336
642	232390	129025
643	232765	128671
644	233122	128307
645	233573	127995
646	233986	127661
647	234505	127385
648	234862	127021
649	235200	126646
650	235539	126272
651	235886	125902
652	236217	125524
653	236548	125146
654	236889	124773
655	237243	124408
656	237597	124042
657	237962	123682
658	238337	123328
659	238682	122957
660	239031	122589
661	239365	122213
662	239665	121820
663	239971	121431
664	240277	121041
665	240607	120664
666	240919	120279
667	241220	119888
668	241518	119495
669	241840	119115
670	242148	118728
671	242485	118356
672	242803	117974
673	243131	117597
674	243451	117217
675	243771	116837
676	244102	116462
677	244415	116079
678	244755	115709
679	245117	115349
680	245497	114998
681	245823	114621
682	246152	114246
683	246450	113857
684	246745	113467
685	247033	113073
686	247325	112682
687	247631	112297
688	247927	111909
689	248235	111525
690	248531	111137
691	248827	110749
692	249165	110380
693	249495	110008
694	249840	109642
695	250146	109259
696	250437	108870
697	250742	108487
698	251023	108094
699	251304	107701
700	251625	107326
701	251913	106937
702	252194	106545
703	252478	106155
704	252794	105779
705	253090	105394
706	253388	105011
707	253713	104639
708	254011	104255
709	254346	103888
710	254698	103527
711	255049	103166
712	255384	102798
713	255688	102418
714	256005	102044
715	256297	101660
716	256596	101278
717	256892	100896
718	257170	100507
719	257478	100130
720	257779	99751
721	258068	99367
722	258367	98987
723	258670	98609
724	258979	98233
725	259281	97855
726	259574	97474
727	259900	97105
728	260215	96732
729	260498	96348
730	260788	95967
731	261088	95589
732	261382	95210
733	261679	94831
734	261963	94449
735	262244	94065
736	262526	93683
737	262824	93306
738	263138	92935
739	263439	92559
740	263740	92184
741	264056	91814
742	264479	91482
743	264873	91139
744	265207	90775
745	265541	90412
746	265897	90056
747	266324	89724
748	266729	89384
749	267078	89026
750	267435	88670
751	267784	88311
752	268139	87955
753	268490	87597
754	268826	87235
755	269173	86876
756	269516	86515
757	269949	86184
758	270281	85820
759	270737	85496
760	271112	85145
761	271465	84788
762	271802	84426
763	272136	84062
764	272556	83726
765	272894	83364
766	273246	83007
767	273583	82645
768	273946	82290
769	274287	81929
770	274636	81571
771	275018	81222
772	275383	80869
773	275850	80545
774	276230	80195
775	276649	79857
776	277026	79506
777	277391	79152
778	277746	78795
779	278083	78433
780	278444	78078
781	278836	77731
782	279291	77402
783	279706	77062
784	280142	76726
785	280557	76385
786	281037	76062
787	281532	75742
788	281903	75388
789	282398	75068
790	282709	74698
791	283063	74339
792	283441	73987
793	283775	73624
794	284106	73260
795	284416	72890
796	284741	72525
797	285073	72161
798	285381	71791
799	285692	71423
800	286004	71054
801	286307	70684
802	286638	70320
803	286944	69951
804	287288	69591
805	287660	69238
806	288032	68885
807	288404	68531
808	288721	68165
809	289141	67823
810	289488	67464
811	289958	67133
812	290318	66776
813	290673	66419
814	291044	66065
815	291400	65708
816	291744	65347
817	292110	64992
818	292473	64637
819	292809	64275
820	293175	63920
821	293537	63564
822	293850	63197
823	294209	62840
824	294542	62478
825	294905	62122
826	295259	61765
827	295620	61409
828	295989	61054
829	296467	60722
830	296881	60376
831	297303	60032
832	297669	59676
833	298026	59319
834	298379	58961
835	298755	58607
836	299143	58256
837	299472	57893
838	299872	57544
839	300229	57186
840	300626	56836
841	301005	56483
842	301373	56127
843	301756	55774
844	302154	55424
845	302541	55072
846	302932	54721
847	303304	54365
848	303663	54008
849	304075	53660
850	304444	53304
851	304868	52958
852	305293	52612
853	305670	52257
854	306002	51895
855	306321	51530
856	306647	51167
857	306994	50807
858	307356	50450
859	307725	50094
860	308101	49740
861	308479	49385
862	308855	49030
863	309174	48666
864	309560	48312
865	310013	47969
866	310372	47611
867	310962	47289
868	311476	46954
869	311899	46605
870	312223	46242
871	312608	45887
872	312983	45531
873	313414	45183
874	313816	44830
875	314189	44474
876	314619	44125
877	315010	43771
878	315474	43427
879	315868	43072
880	316303	42724
881	316722	42373
882	317088	42015
883	317457	41657
884	317783	41293
885	318108	40930
886	318431	40566
887	318774	40205
888	319170	39851
889	319607	39501
890	320024	39149
891	320394	38792
892	320693	38425
893	320982	38058
894	321314	37696
895	321636	37332
896	321967	36970
897	322250	36603
898	322540	36236
899	322822	35869
900	323107	35502
901	323445	35141
902	323748	34776
903	324041	34411
904	324346	34047
905	324686	33687
906	325058	33330
907	325371	32967
908	325677	32603
909	325970	32238
910	326261	31874
911	326540	31508
912	326854	31146
913	327213	30788
914	327497	30423
915	327786	30058
916	328074	29694
917	328360	29330
918	328647	28966
919	328940	28603
920	329230	28240
921	329534	27878
922	329856	27517
923	330169	27156
924	330502	26797
925	330796	26435
926	331110	26074
927	331397	25711
928	331679	25348
929	331978	24987
930	332285	24626
931	332610	24267
932	332891	23905
933	333197	23545
934	333524	23186
935	333810	22824
936	334132	22465
937	334453	22106
938	334821	21750
939	335126	21391
940	335446	21032
941	335757	20672
942	336109	20316
943	336413	19956
944	336720	19597
945	337019	19237
946	337322	18878
947	337622	18519
948	337945	18161
949	338274	17803
950	338580	17445
951	338877	17086
952	339221	16729
953	339574	16373
954	339983	16020
955	340279	15661
956	340566	15302
957	340860	14943
958	341141	14584
959	341448	14227
960	341752	13869
961	342069	13512
962	342395	13155
963	342780	12800
964	343114	12444
965	343454	12088
966	343788	11732
967	344112	11375
968	344439	11019
969	344782	10663
970	345087	10306
971	345372	9949
972	345668	9592
973	345998	9236
974	346326	8880
975	346669	8524
976	347013	8169
977	347329	7813
978	347665	7457
979	347995	7101
980	348287	6745
981	348578	6389
982	348873	6033
983	349186	5677
984	349495	5322
985	349821	4967
986	350161	4612
987	350505	4257
988	350828	3902
989	351142	3546
990	351460	3191
991	351769	2836
992	352068	2481
993	352370	2126
994	352648	1772
995	352964	1417
996	353295	1063
997	353623	708
998	353950	354
999	354249	0
